stop_id,officer_id,driver_id,driver_age,driver_sex,ticket
1279,D,1031,43.0,f,False
3626,C,43,53.0,m,True
4329,C,4527,21.0,m,True
3165,A,1408,31.0,f,True
4876,B,3090,28.0,m,True
1299,A,4654,49.0,m,True
3935,E,4814,23.0,f,True
4129,C,4477,41.0,f,False
2174,B,2022,16.0,m,True
456,E,1987,18.0,m,True
4580,D,2813,45.0,f,True
4057,B,1241,51.0,m,True
287,E,206,43.0,m,True
1021,C,4957,24.0,f,True
408,A,3272,16.0,m,True
4786,A,3919,28.0,m,True
726,C,4303,31.0,m,True
2879,C,4246,16.0,m,True
1125,D,1538,37.0,f,False
4913,B,1855,32.0,f,True
3952,B,3075,23.0,f,False
2182,B,154,45.0,m,True
2520,C,4492,76.0,m,True
2848,D,3471,48.0,m,True
2438,E,3268,41.0,f,False
4031,B,499,38.0,f,False
2573,C,2342,32.0,m,True
192,A,421,29.0,m,True
1652,E,2020,29.0,f,True
430,D,114,59.0,m,True
3189,D,1788,41.0,f,True
4939,D,133,41.0,m,False
130,B,2735,21.0,f,True
4547,C,842,44.0,m,True
4721,D,1538,16.0,m,False
3215,C,1633,49.0,f,True
4177,B,4360,36.0,f,True
4843,C,4631,37.0,m,True
1822,B,4630,38.0,f,True
4015,A,2676,40.0,m,False
599,E,1620,37.0,f,True
2765,B,849,43.0,f,True
3097,A,4878,22.0,m,False
3359,C,4367,30.0,m,True
3981,D,1453,55.0,f,False
3202,E,3054,53.0,f,False
4150,C,1612,39.0,f,False
2490,B,1288,34.0,m,True
3667,D,3259,29.0,m,True
3000,B,3734,34.0,f,True
4130,B,4431,65.0,f,False
4768,C,4902,18.0,m,True
1296,B,1107,77.0,m,True
4853,A,1393,46.0,f,True
857,C,1248,50.0,f,True
1537,B,129,16.0,m,True
3372,E,2966,56.0,f,False
1633,D,3922,23.0,m,True
3993,B,1387,33.0,f,False
1172,A,660,33.0,f,True
3050,B,2963,31.0,m,True
2962,E,3321,16.0,f,False
3171,D,4844,32.0,f,False
2922,A,1613,31.0,m,False
436,E,1514,37.0,f,True
2642,D,1080,30.0,f,True
2281,A,1943,16.0,f,True
1748,E,2129,83.0,f,False
2088,D,604,28.0,m,True
2318,B,2027,28.0,f,True
3775,A,2088,70.0,f,False
4387,B,3923,16.0,m,True
1588,D,3229,35.0,m,True
2509,D,4700,17.0,f,True
3848,B,648,42.0,f,False
2433,C,2406,27.0,f,True
662,D,2141,35.0,f,True
3543,D,2191,19.0,f,True
901,A,459,33.0,m,True
2032,D,121,33.0,m,False
2679,C,4617,27.0,f,False
116,D,3064,29.0,m,True
3349,B,2772,43.0,m,True
1567,D,4006,22.0,m,True
128,E,2152,47.0,f,False
2903,A,3524,18.0,m,False
1796,B,211,45.0,m,False
2562,A,944,30.0,f,True
3883,E,3079,63.0,m,False
4190,E,2047,49.0,m,True
3379,C,1656,28.0,f,True
4656,C,4619,54.0,f,True
3551,D,3389,56.0,m,True
2644,C,2835,34.0,m,True
755,D,4465,38.0,m,True
2008,A,3737,24.0,f,True
4759,D,4281,16.0,m,True
858,B,1454,48.0,m,True
4766,C,4804,30.0,f,False
1173,A,701,39.0,m,False
2241,E,4138,41.0,m,True
3759,D,647,16.0,f,True
472,D,3478,41.0,f,False
716,A,4902,16.0,m,True
3450,D,878,22.0,f,True
590,B,1653,16.0,f,True
3265,C,3045,35.0,f,True
4408,A,2264,64.0,f,True
403,D,563,64.0,m,True
1591,B,192,16.0,f,True
3984,B,2643,47.0,m,False
1828,A,2669,25.0,f,True
2250,E,3754,52.0,f,False
282,B,4807,31.0,m,True
1385,A,365,53.0,f,False
3963,D,2119,16.0,m,True
4440,E,755,16.0,m,True
4954,C,1184,33.0,f,False
3606,A,1760,40.0,m,True
3613,A,2618,16.0,f,True
4272,B,536,38.0,m,True
2494,E,3567,50.0,m,True
1290,C,2772,35.0,f,True
3394,A,869,44.0,m,True
741,D,3626,80.0,m,True
4011,D,4104,24.0,m,False
3048,C,1176,57.0,m,True
1524,C,150,33.0,m,False
4179,D,555,16.0,f,True
4319,A,2573,16.0,m,True
1465,D,301,45.0,m,True
2361,A,1807,21.0,m,False
4429,E,537,41.0,m,False
1047,E,4960,28.0,m,True
2091,D,3678,32.0,m,False
4746,E,1207,18.0,f,False
3760,C,20,16.0,m,True
2684,A,1471,42.0,m,True
4030,A,4086,16.0,f,True
1307,A,64,19.0,m,True
1094,D,2206,78.0,f,True
1501,A,752,16.0,m,True
2443,B,3583,16.0,m,False
3956,E,583,16.0,f,False
1488,A,946,44.0,m,True
2561,B,1512,19.0,m,True
1556,B,4011,28.0,m,True
1345,E,3482,28.0,f,True
3297,C,627,24.0,m,True
428,D,4956,37.0,m,False
363,D,4835,41.0,m,False
1744,C,4402,31.0,m,True
4603,C,2354,16.0,m,True
4086,B,4457,18.0,m,False
1226,B,929,19.0,f,False
594,B,881,41.0,f,True
3388,C,3852,39.0,f,True
2634,E,3944,34.0,f,False
950,E,4285,46.0,m,False
4088,E,932,32.0,f,True
1360,A,1414,23.0,f,False
4703,B,2286,16.0,m,True
1590,A,461,71.0,m,True
1169,D,2660,36.0,f,False
4415,D,4969,16.0,f,True
4554,E,2147,46.0,f,False
4682,E,2485,27.0,m,True
1239,E,2072,27.0,f,True
673,B,4787,75.0,m,True
2608,A,3946,53.0,f,False
2266,D,4010,59.0,f,True
4781,C,4907,39.0,f,False
737,E,1308,52.0,f,True
2212,B,2924,40.0,m,False
4544,A,377,16.0,f,True
3457,D,730,40.0,m,True
623,B,1731,48.0,f,False
3524,D,2990,27.0,m,False
404,E,4205,41.0,f,False
4593,C,289,32.0,m,True
1905,C,108,16.0,f,True
614,B,2303,35.0,f,True
4095,B,594,41.0,m,False
956,E,4777,38.0,f,True
2797,B,2266,16.0,m,True
2229,B,888,18.0,m,True
4558,C,1865,41.0,f,True
1081,E,739,55.0,f,True
2167,C,3786,37.0,m,True
4560,B,1004,34.0,f,False
2626,E,1006,35.0,m,False
889,E,2249,19.0,m,True
4135,B,2746,37.0,f,True
4742,A,3936,21.0,f,True
2001,C,1135,29.0,f,False
995,B,1300,21.0,m,True
1382,E,4281,29.0,m,True
3101,D,2222,16.0,f,True
41,E,1847,32.0,m,False
4926,B,4275,48.0,m,True
1716,C,732,16.0,f,True
4282,A,4706,32.0,f,True
834,D,2305,18.0,f,True
3434,A,717,65.0,m,True
1685,B,1353,16.0,f,False
405,D,3461,33.0,m,True
4255,A,4211,55.0,f,False
2484,B,2078,85.0,f,True
197,B,1161,75.0,m,True
2110,D,159,21.0,m,False
1542,B,1672,46.0,f,False
495,B,2059,31.0,f,True
2061,A,3129,47.0,m,True
4474,E,668,67.0,f,True
2714,D,2116,16.0,m,False
948,B,477,38.0,f,False
3811,E,1658,37.0,f,False
3736,E,4074,31.0,m,True
2715,B,470,29.0,f,False
4760,C,1026,17.0,f,True
162,A,4049,30.0,f,True
2734,B,3467,35.0,m,False
3829,B,2819,51.0,f,False
4704,E,4782,16.0,f,True
2042,E,4138,16.0,f,True
188,B,1622,16.0,f,False
1478,E,2249,100.0,f,True
3742,D,1882,51.0,m,True
4719,D,3638,68.0,m,True
4893,A,3841,51.0,m,True
44,D,3944,16.0,f,False
4676,A,1434,26.0,m,True
2204,C,3999,49.0,f,True
1914,E,2665,17.0,m,False
1639,D,1741,46.0,m,True
3425,B,923,31.0,f,True
2706,D,1409,49.0,f,True
3739,C,2188,38.0,m,True
2516,A,1158,48.0,f,False
53,B,279,31.0,m,False
161,B,829,52.0,f,True
1405,A,3261,16.0,f,True
3815,B,2530,28.0,f,False
3541,B,2068,16.0,f,True
4169,A,4115,16.0,m,False
4457,C,579,43.0,m,False
4456,D,4470,55.0,f,False
4945,A,1835,16.0,f,True
4540,D,4520,16.0,m,True
3175,E,1849,30.0,f,False
2900,E,3776,46.0,m,True
4473,C,603,41.0,m,False
852,C,3882,26.0,f,True
702,B,2017,63.0,m,False
214,E,818,45.0,f,False
1644,D,3779,55.0,m,True
1365,B,4274,16.0,f,True
2902,A,3501,25.0,f,True
1775,E,216,43.0,m,True
3280,A,4705,22.0,f,True
3347,B,2107,16.0,m,True
3120,B,569,16.0,m,True
987,A,2621,16.0,f,True
260,E,3853,42.0,f,True
1317,B,86,42.0,f,True
1065,D,1625,36.0,f,True
433,C,4040,57.0,f,False
3532,C,688,16.0,f,False
203,A,3995,22.0,f,False
4644,E,4388,43.0,m,True
691,B,2658,16.0,m,True
1810,D,3934,54.0,f,True
1988,D,2878,19.0,m,True
3249,E,4617,33.0,m,True
894,C,3387,28.0,m,True
1335,B,1047,27.0,m,False
2160,D,2315,26.0,f,True
963,A,4148,64.0,m,True
1452,D,3979,36.0,f,False
3515,D,3728,30.0,m,True
888,E,1847,53.0,m,True
4525,E,1238,32.0,m,False
2633,C,3588,24.0,m,False
1518,D,2664,32.0,f,True
11,C,426,16.0,m,False
1539,E,3735,55.0,m,False
3201,C,928,79.0,m,False
4518,B,3202,44.0,m,False
4700,B,4511,50.0,m,True
4428,D,2498,20.0,m,False
3757,C,1130,16.0,f,True
2917,D,461,49.0,m,True
471,E,810,52.0,f,True
4862,B,3209,51.0,f,True
1778,C,1383,20.0,m,True
1343,B,778,50.0,m,True
4000,C,375,38.0,m,True
97,C,4967,16.0,m,True
2584,C,395,50.0,m,True
125,C,3241,45.0,f,False
2859,D,497,16.0,m,True
4743,A,3453,16.0,f,True
1585,B,3704,41.0,m,True
4922,D,4233,38.0,m,False
4441,B,3430,16.0,f,True
1001,D,3710,36.0,f,True
3476,E,3345,77.0,f,False
774,A,2207,49.0,f,True
4445,E,1998,30.0,m,True
4588,A,4991,43.0,f,False
1132,C,3704,43.0,f,False
1026,B,662,56.0,f,True
2360,B,2035,33.0,f,True
4905,A,2983,33.0,f,True
1959,E,4263,60.0,m,False
577,B,3510,22.0,f,True
126,A,3615,46.0,m,False
4322,C,597,62.0,f,False
2054,E,1545,16.0,f,False
4438,E,3425,25.0,f,True
930,B,4043,18.0,f,True
3139,B,2480,32.0,f,False
2829,A,530,30.0,f,True
3081,D,3670,24.0,f,True
598,C,878,25.0,f,True
587,E,1425,58.0,m,True
3375,E,668,48.0,m,True
2225,C,4276,22.0,m,True
550,B,647,56.0,m,True
2442,B,4217,32.0,f,False
794,A,815,53.0,f,True
4239,B,1667,62.0,f,False
2927,B,4044,93.0,f,True
3943,A,2669,34.0,m,True
1190,D,3832,16.0,m,True
3484,B,1484,35.0,f,True
138,D,2262,44.0,m,False
1334,D,3406,16.0,m,True
4828,C,2376,16.0,m,True
872,C,2498,28.0,f,False
3737,D,1452,65.0,m,True
766,E,3884,16.0,m,True
533,B,866,19.0,f,True
4191,C,234,34.0,m,True
4578,A,2124,47.0,m,True
554,E,1717,20.0,m,True
3713,E,4299,68.0,f,False
4714,D,800,50.0,f,True
3871,D,212,38.0,f,True
992,B,3324,63.0,f,True
2913,A,4509,18.0,f,True
3951,E,357,41.0,m,True
2794,B,3021,33.0,m,True
4834,B,3666,16.0,f,True
2986,A,2631,31.0,m,True
3086,B,1692,40.0,f,True
704,C,338,84.0,m,True
1815,C,3899,51.0,f,True
2129,D,3966,31.0,m,False
1429,D,537,46.0,f,True
1467,E,3144,16.0,f,True
4586,D,2484,23.0,f,True
3770,C,2200,84.0,m,True
2359,E,2914,50.0,f,True
2875,C,1251,29.0,m,True
4476,D,2231,27.0,f,True
1570,E,985,26.0,m,True
269,D,2622,16.0,m,True
2431,A,2941,38.0,f,True
3052,A,1502,57.0,f,True
2439,C,3859,44.0,f,True
2949,D,4749,20.0,m,True
3590,B,1205,24.0,f,True
3708,E,1941,36.0,m,True
974,B,4610,22.0,m,True
111,E,3318,50.0,f,True
271,E,2534,44.0,f,True
3556,E,2302,44.0,m,True
1039,D,2835,16.0,f,False
4673,C,4957,43.0,m,False
1574,C,1343,51.0,f,False
459,C,4141,46.0,m,False
4643,D,1205,37.0,m,True
402,D,3505,29.0,m,True
3922,E,4344,16.0,m,False
3762,B,3948,16.0,m,True
376,D,2187,43.0,f,False
2215,D,4341,16.0,m,True
545,E,3072,34.0,f,True
2259,D,4712,36.0,m,False
2597,D,1822,46.0,m,True
3471,E,4501,47.0,m,False
3240,B,1279,16.0,m,True
4032,E,4268,53.0,f,True
4944,B,2050,16.0,f,False
3157,A,1819,37.0,m,False
298,C,231,28.0,m,True
752,B,574,16.0,m,True
4840,E,2114,68.0,m,True
4127,E,1476,16.0,m,True
1804,C,3087,16.0,m,False
2473,D,732,42.0,m,True
3690,D,1992,16.0,m,True
2763,C,621,32.0,m,False
908,D,2583,33.0,f,True
1746,E,4010,16.0,m,True
1080,B,4580,31.0,f,True
989,D,1224,26.0,f,False
4025,E,3249,16.0,m,True
3173,C,2520,51.0,m,False
1823,D,1397,29.0,f,False
1883,C,1978,18.0,f,False
3125,C,89,36.0,m,True
2735,A,1262,16.0,m,True
829,E,1963,23.0,m,True
523,A,3962,62.0,m,True
1124,E,3867,16.0,f,True
4484,A,381,35.0,f,False
2742,A,2088,31.0,f,False
1885,B,4036,31.0,f,False
4195,E,153,47.0,m,True
3073,A,1394,41.0,f,True
1586,C,4692,40.0,f,False
2782,C,190,24.0,m,True
118,E,4144,20.0,m,True
3905,D,2909,29.0,f,True
3184,C,4471,43.0,m,True
3834,D,3600,28.0,f,False
1496,E,1610,54.0,f,False
3234,D,3221,60.0,m,True
2105,B,2192,58.0,f,False
2043,C,3826,53.0,m,True
4174,B,882,44.0,m,True
1665,E,723,40.0,m,False
1876,E,182,32.0,m,False
557,E,2311,32.0,f,True
1918,C,3530,23.0,f,True
2808,E,489,16.0,f,True
4631,A,4100,27.0,f,True
1177,D,1864,16.0,m,True
658,A,407,45.0,f,False
4640,A,1577,16.0,f,True
3568,A,2258,16.0,f,True
2089,D,4761,16.0,f,False
1634,A,1691,37.0,m,False
400,A,1403,40.0,f,True
1294,B,137,16.0,m,True
2847,E,4305,43.0,m,True
3416,B,1625,24.0,f,True
1611,E,3317,63.0,m,True
4050,C,4203,16.0,m,True
4436,C,4358,28.0,f,False
92,E,3286,42.0,m,False
2369,D,4552,16.0,f,True
3635,A,2391,26.0,f,True
292,A,3381,17.0,f,True
1067,B,844,23.0,f,True
3134,C,3472,45.0,f,True
4734,C,1995,37.0,m,False
2559,A,4586,30.0,f,True
869,B,4472,56.0,f,False
4877,A,2386,21.0,m,True
3727,C,2626,16.0,m,True
3842,E,1161,29.0,f,True
1577,C,983,40.0,f,True
3188,B,2396,27.0,f,True
2527,B,3330,16.0,m,True
2366,C,4547,40.0,m,False
4889,A,4137,66.0,m,True
4978,C,476,22.0,m,False
4005,B,324,16.0,m,True
3435,C,2541,54.0,f,False
2793,D,2090,33.0,f,True
276,C,1716,31.0,f,False
2513,C,3893,53.0,f,False
4872,D,2137,35.0,f,False
284,B,837,33.0,m,True
2128,E,162,46.0,m,True
1209,D,4913,47.0,m,False
4894,C,2710,16.0,m,True
1662,B,2727,16.0,f,True
4069,E,4242,32.0,f,True
2583,C,2087,24.0,m,True
3299,A,4793,16.0,f,False
444,A,848,16.0,f,False
2592,D,4785,16.0,m,False
4998,C,3923,70.0,f,False
788,D,1968,16.0,m,True
4351,E,2165,16.0,f,True
1332,A,1886,45.0,f,False
2833,D,3595,30.0,m,True
1663,E,2744,80.0,m,True
2695,D,3837,41.0,m,True
1958,B,2195,58.0,m,False
1854,B,2350,48.0,f,True
1536,D,3237,16.0,f,True
3226,C,3792,16.0,m,True
2843,B,3931,22.0,m,True
4648,B,150,16.0,m,True
1454,B,62,52.0,m,True
985,B,799,16.0,f,True
1475,E,4208,35.0,f,True
1797,D,1805,16.0,f,False
1256,A,4687,22.0,m,True
2743,A,1699,27.0,m,True
4908,A,1507,43.0,m,False
1848,D,3001,16.0,m,True
2276,B,292,22.0,m,False
1857,D,822,63.0,f,True
524,A,3409,22.0,m,True
933,D,3227,22.0,m,True
3569,B,3173,57.0,f,True
3909,A,3845,56.0,m,False
3982,E,1684,16.0,m,True
2199,A,1278,35.0,f,True
2084,C,2762,28.0,m,True
3062,A,1148,21.0,f,True
2311,B,1985,30.0,f,True
3469,A,3734,41.0,f,True
3108,C,1572,44.0,m,True
4663,D,3731,19.0,f,True
3758,D,1356,37.0,m,True
4795,E,1470,21.0,m,True
2853,D,2318,16.0,m,True
4849,E,379,37.0,m,True
351,A,4597,52.0,f,True
3859,A,1638,40.0,m,True
3972,B,4182,22.0,f,False
14,C,3288,37.0,m,False
639,E,728,65.0,m,False
703,B,16,49.0,f,True
2052,D,4539,41.0,m,True
3488,E,1454,59.0,f,False
4597,C,4013,53.0,f,False
3603,E,3023,21.0,f,True
3998,E,2360,50.0,m,True
333,A,2625,47.0,f,True
868,B,3496,16.0,f,False
2898,D,900,57.0,f,False
491,A,1227,16.0,f,True
2496,B,4779,29.0,f,True
1164,D,888,16.0,f,False
2821,D,2350,16.0,f,True
4156,B,3706,50.0,f,False
3468,D,838,31.0,f,True
4573,C,330,57.0,f,False
588,B,2634,37.0,m,False
4600,D,4932,16.0,m,True
3605,E,2598,16.0,m,True
1218,D,3935,16.0,f,True
1672,B,111,69.0,f,False
957,E,478,38.0,f,False
2081,D,3049,22.0,m,True
4039,B,428,43.0,f,False
2223,C,421,16.0,m,True
1283,C,2010,16.0,m,True
2645,D,2437,26.0,m,False
1285,D,1053,30.0,m,True
3398,E,4174,49.0,f,True
4819,C,4233,27.0,f,False
4192,A,1000,32.0,f,True
1654,C,4319,24.0,f,False
3583,E,2170,16.0,f,True
4918,D,4375,26.0,m,True
2273,D,1101,16.0,f,False
1370,D,299,50.0,f,True
3355,B,1019,28.0,f,True
4916,A,4043,36.0,m,True
4886,B,2875,29.0,f,True
385,B,2843,28.0,m,True
324,A,4834,16.0,m,True
4175,A,4484,43.0,f,True
815,B,1495,48.0,m,True
2929,A,2935,33.0,m,True
3854,C,1742,16.0,m,True
4068,C,1570,16.0,f,True
3781,C,2790,24.0,f,True
4885,A,2794,16.0,f,True
465,D,3716,33.0,f,False
279,C,3952,16.0,m,True
683,A,3352,16.0,m,True
1130,B,4397,30.0,f,True
3997,D,1576,31.0,f,True
90,C,1363,32.0,f,False
235,A,4737,34.0,m,False
4292,A,4142,47.0,m,True
3393,B,4098,37.0,f,False
4532,A,2037,40.0,m,True
4987,D,4479,78.0,m,False
3987,B,261,44.0,f,True
3474,D,4134,32.0,m,True
4980,A,910,16.0,m,True
3809,E,599,16.0,f,True
1442,A,4289,62.0,m,True
3080,C,4128,16.0,m,True
2404,C,3169,32.0,m,False
215,E,3940,21.0,m,False
135,C,3619,50.0,f,False
4635,D,4494,51.0,m,False
1946,D,781,17.0,m,True
745,A,886,26.0,f,True
4864,E,1447,29.0,f,False
2185,A,784,16.0,m,True
396,C,2805,16.0,m,True
3616,B,4050,16.0,f,True
91,A,2051,16.0,f,False
2166,B,4075,38.0,m,True
1532,D,1,21.0,m,True
115,E,3373,16.0,f,False
4972,D,4548,59.0,f,True
1140,C,1762,33.0,m,True
1212,B,2459,38.0,f,False
3561,B,1815,22.0,m,True
559,A,2852,20.0,f,True
3095,C,685,48.0,m,False
1354,B,2082,40.0,f,False
2593,D,3837,26.0,m,True
632,C,4004,29.0,f,False
3446,A,3430,16.0,m,True
2703,B,907,23.0,f,True
3582,A,1788,44.0,f,False
1653,C,1813,49.0,m,True
3422,D,1843,34.0,m,True
1623,C,3870,43.0,m,True
4800,B,2682,16.0,f,True
3678,C,3822,61.0,m,True
1326,C,948,31.0,f,True
3656,D,1229,16.0,f,True
798,A,4067,22.0,m,True
1777,A,1449,27.0,m,True
561,C,4268,17.0,m,True
4596,A,4588,46.0,m,True
4124,C,2012,25.0,m,True
480,B,610,50.0,m,False
3311,B,251,20.0,f,False
3345,E,367,16.0,f,True
2471,B,1386,29.0,m,True
1503,A,1676,24.0,m,True
4502,A,2316,27.0,m,False
4907,C,4843,53.0,f,True
2994,D,3395,70.0,m,True
2916,C,1093,16.0,m,True
2228,E,374,23.0,f,True
4887,A,1102,21.0,m,True
860,A,4614,21.0,m,True
4311,B,1291,35.0,f,True
229,B,1514,17.0,m,True
1817,E,4075,59.0,m,True
3868,A,2743,33.0,m,False
3730,B,5000,20.0,m,True
2842,E,4959,42.0,f,True
549,E,4129,41.0,f,True
355,B,3315,40.0,f,True
3670,D,2426,42.0,m,False
1401,D,4479,61.0,m,True
4325,B,2785,19.0,m,True
4678,A,1093,39.0,f,False
3558,A,2544,16.0,m,True
2992,D,4509,16.0,m,True
2749,E,1259,27.0,f,False
2104,B,2865,16.0,m,True
3199,D,1408,16.0,f,True
4479,B,435,16.0,m,True
26,C,482,36.0,f,False
4994,B,1032,56.0,m,True
2245,C,74,25.0,f,True
4497,B,1109,21.0,f,True
4320,D,2208,23.0,f,True
4657,B,3870,16.0,f,False
4006,D,410,16.0,m,True
2525,A,3369,16.0,m,False
2930,C,3451,42.0,m,True
1923,B,464,47.0,f,True
2396,C,1060,34.0,m,True
1215,E,4915,47.0,f,False
865,D,4215,21.0,f,True
1699,E,3829,22.0,f,False
4677,E,3013,50.0,m,True
122,D,3093,52.0,m,True
451,B,1000,29.0,m,True
2371,D,2601,55.0,f,True
2657,E,3555,31.0,m,True
4314,C,2103,60.0,f,True
2632,C,3939,45.0,f,True
3948,B,4643,16.0,f,True
4313,C,3964,39.0,m,False
1648,C,1043,40.0,m,True
4085,E,2197,18.0,m,True
51,B,4192,48.0,f,True
1735,A,3400,53.0,m,False
6,A,4827,41.0,m,True
3401,D,995,36.0,m,False
3064,D,2748,18.0,f,False
2835,A,4664,16.0,f,True
1392,C,3218,30.0,f,False
2646,C,2122,21.0,f,True
2807,E,1720,35.0,m,True
3419,B,1552,36.0,m,True
3798,E,1667,43.0,m,True
4669,E,4451,41.0,m,False
3832,D,864,54.0,f,True
2200,D,1304,55.0,f,True
3860,D,1550,51.0,f,True
3453,D,827,29.0,m,False
394,A,4079,16.0,f,True
4551,E,3046,16.0,m,False
1482,C,679,36.0,f,False
431,C,1483,23.0,m,False
4882,B,1378,23.0,m,True
207,A,4851,50.0,f,True
3711,A,1698,16.0,f,True
1287,C,2065,16.0,m,True
2758,D,2584,45.0,m,True
1614,A,2291,45.0,f,False
2751,B,1842,31.0,m,False
3719,D,4784,56.0,m,True
2039,E,4531,16.0,m,True
2817,B,2551,32.0,f,True
1060,B,2900,16.0,m,True
532,D,1553,24.0,f,True
695,B,2596,34.0,f,True
2100,A,713,26.0,m,False
3079,E,4129,61.0,f,True
2811,B,1520,35.0,f,True
4,B,4212,16.0,f,True
4825,B,1689,23.0,m,True
4599,B,3142,16.0,m,True
2558,D,3677,49.0,f,True
4542,A,970,24.0,m,True
4045,C,2543,16.0,f,True
484,E,1911,45.0,f,False
4844,C,2258,16.0,f,True
2941,A,4987,72.0,m,False
2308,C,2885,22.0,f,True
2382,E,3486,42.0,f,True
2143,A,2464,16.0,m,True
650,C,2946,57.0,f,False
2553,B,635,50.0,f,False
1558,E,2543,16.0,m,True
1836,A,4122,16.0,f,True
3899,E,1855,40.0,m,True
2985,C,3806,52.0,m,True
4432,E,567,19.0,f,False
818,A,1731,17.0,f,True
2161,C,1286,17.0,m,True
4883,C,1362,33.0,m,False
221,B,2992,16.0,f,True
1068,A,879,34.0,f,True
2340,D,2127,65.0,f,False
2804,C,3497,21.0,m,False
4315,B,3025,17.0,m,True
1772,C,967,25.0,m,True
1110,E,2005,30.0,m,True
863,C,519,48.0,f,False
1336,B,3912,16.0,f,False
777,D,3883,16.0,f,False
1455,E,2725,16.0,m,False
2466,B,2656,43.0,m,False
540,D,4324,46.0,m,False
419,A,3600,34.0,m,True
334,B,262,36.0,f,True
2125,B,2207,17.0,f,True
2615,C,4418,43.0,f,False
565,D,4421,21.0,m,True
4220,A,347,16.0,f,False
3129,A,2697,16.0,f,False
2491,C,1102,47.0,f,True
3893,D,2669,42.0,f,True
4065,A,1478,16.0,m,True
3576,B,251,16.0,f,False
3376,D,1730,16.0,m,True
450,B,1582,16.0,f,True
1724,C,716,31.0,f,True
4698,C,1066,21.0,m,True
3153,A,4450,32.0,m,True
4642,B,4000,18.0,m,True
2310,A,2807,66.0,f,False
3274,D,2409,29.0,f,False
3788,E,2725,35.0,m,True
2297,B,4,16.0,f,True
3216,A,1313,36.0,m,True
784,E,4724,37.0,m,True
1944,A,890,38.0,f,False
4362,E,192,55.0,f,False
696,A,1659,16.0,m,True
3084,B,4204,16.0,m,True
4878,E,1980,21.0,m,True
4060,B,5,43.0,m,True
1121,E,2846,86.0,f,True
501,A,4618,21.0,f,True
55,B,2482,42.0,f,True
368,C,3930,16.0,m,True
2681,E,4744,31.0,m,True
2005,C,1107,16.0,m,False
4923,C,3955,47.0,m,True
4486,C,4672,33.0,m,False
2415,A,4032,50.0,m,True
4985,D,440,37.0,f,True
1284,D,1079,23.0,m,True
57,A,1154,28.0,m,True
356,C,1149,27.0,f,False
3130,B,3305,44.0,f,False
3881,D,3727,31.0,f,False
980,B,3038,44.0,m,True
2453,D,1274,16.0,m,True
2272,C,1398,39.0,f,True
2099,C,2515,19.0,m,True
2256,C,4567,51.0,m,True
4482,C,3909,27.0,m,True
1046,A,3502,16.0,m,False
2784,C,2626,16.0,f,True
641,B,1436,66.0,f,True
3133,D,3245,55.0,f,True
3857,E,4358,16.0,f,False
1529,D,4547,16.0,f,False
4662,C,1686,27.0,m,False
1086,B,4682,50.0,f,True
1513,C,4741,21.0,m,True
1559,C,275,37.0,f,True
2791,E,764,41.0,m,False
4921,D,218,30.0,m,False
2444,E,1203,40.0,m,True
2282,E,4715,66.0,f,True
1041,E,773,61.0,f,True
4912,B,2875,24.0,f,True
3639,C,4,16.0,f,False
4895,D,2581,17.0,m,True
2876,D,1962,53.0,m,True
1818,D,1058,53.0,m,True
22,A,3144,16.0,f,True
4466,E,3722,37.0,m,False
4966,E,1750,34.0,f,False
1141,A,2008,44.0,m,False
529,E,420,27.0,f,True
1096,B,4052,53.0,f,False
2638,B,2311,16.0,m,True
3414,E,3401,16.0,f,True
1033,D,3924,20.0,m,True
1550,E,3855,40.0,f,True
607,C,364,64.0,f,True
1217,D,2197,62.0,f,True
2324,E,4515,29.0,f,False
3544,A,286,29.0,f,False
882,B,2446,20.0,m,True
429,C,1486,34.0,f,False
4340,A,3373,16.0,m,True
3304,A,3771,16.0,m,True
3851,A,803,58.0,f,True
64,A,3869,16.0,m,True
3546,A,4010,16.0,f,True
3250,E,4055,74.0,m,True
4709,B,485,40.0,f,True
140,D,410,17.0,f,True
3604,C,3088,50.0,f,True
951,A,2939,16.0,f,True
2275,D,223,60.0,m,False
786,D,4371,16.0,f,True
2849,D,2137,70.0,m,False
4811,B,333,57.0,f,False
3821,A,3167,54.0,m,True
492,A,1743,37.0,f,True
685,A,2531,22.0,m,False
3564,D,3744,28.0,f,False
3210,D,22,16.0,f,True
2116,E,1417,36.0,f,False
2625,B,3257,16.0,f,False
1602,A,3401,22.0,m,False
4094,D,3618,80.0,m,False
398,B,4542,72.0,f,False
937,B,3821,78.0,m,False
2462,D,2622,38.0,f,True
3007,D,3568,58.0,m,False
3704,C,1237,29.0,f,False
2579,A,547,16.0,f,True
1277,D,1479,24.0,f,True
4477,B,2157,43.0,m,True
954,C,911,30.0,f,True
4900,D,4345,44.0,m,True
828,A,3008,31.0,m,True
1972,E,988,29.0,m,True
3957,C,1644,29.0,f,True
4829,A,4305,16.0,f,False
4683,A,302,19.0,f,True
4100,D,4611,46.0,m,False
1077,D,2218,29.0,f,False
131,B,4282,59.0,f,False
1673,D,2469,68.0,m,True
638,A,1667,16.0,m,False
100,C,1125,43.0,m,True
2911,D,436,24.0,f,False
2220,C,3575,51.0,f,False
3036,A,1350,41.0,f,True
1348,E,2911,16.0,f,True
3925,D,1210,27.0,m,True
4730,A,3967,21.0,m,False
2954,B,4621,34.0,m,False
2178,B,975,33.0,m,False
4582,D,1850,38.0,f,True
457,A,1009,58.0,m,True
3945,B,2602,16.0,m,True
626,C,3742,16.0,f,False
4209,E,2608,36.0,f,False
1120,C,3402,34.0,m,True
2411,B,2209,58.0,f,False
1372,B,1694,38.0,m,True
879,A,231,18.0,m,True
2326,E,3001,16.0,m,True
4919,D,3428,42.0,f,True
485,A,4536,49.0,m,True
887,E,915,44.0,f,True
362,C,1969,53.0,f,True
1446,E,4185,39.0,m,True
553,B,59,78.0,m,False
1261,D,1328,46.0,f,True
2658,D,2344,22.0,m,True
657,E,4630,16.0,m,True
1680,B,4949,35.0,f,False
2918,E,1704,24.0,f,True
2526,A,2083,16.0,f,True
3363,C,554,39.0,m,True
239,D,4878,38.0,m,True
2025,D,1466,54.0,m,True
4564,C,661,16.0,f,True
1087,C,1042,81.0,f,True
4845,C,4475,16.0,m,True
2064,C,4015,35.0,m,True
1420,A,729,58.0,m,True
377,B,4995,16.0,m,True
3331,B,3411,62.0,f,False
4914,A,913,30.0,f,False
3748,A,666,30.0,m,True
78,B,4497,59.0,f,True
1700,C,4369,20.0,m,True
2850,E,319,16.0,m,True
68,A,3898,48.0,f,True
870,E,4329,54.0,m,True
955,D,4752,59.0,f,False
3950,D,2685,65.0,m,False
4716,C,751,40.0,m,False
4443,B,4947,44.0,f,True
3689,B,2706,16.0,m,False
177,E,680,60.0,m,False
1721,A,4870,66.0,m,True
929,D,2515,26.0,f,True
1328,E,3262,16.0,m,True
2906,A,965,66.0,m,True
2147,A,2885,17.0,f,True
2572,C,4677,50.0,m,True
4465,C,1981,47.0,m,False
70,D,2545,30.0,m,False
2268,D,1589,35.0,f,False
881,B,3827,46.0,m,False
1997,A,4080,41.0,m,True
3160,C,4126,16.0,f,True
1992,D,1716,23.0,f,True
4602,B,4660,42.0,f,False
158,C,1260,29.0,f,True
103,A,3070,55.0,m,False
4422,C,1478,52.0,m,True
3879,B,1597,23.0,f,False
315,D,542,19.0,m,True
323,D,4215,49.0,m,True
4937,C,1686,33.0,f,True
1713,E,4387,45.0,m,True
3913,A,1800,32.0,m,True
388,C,3417,44.0,m,False
3352,A,2090,50.0,m,True
1115,D,1684,37.0,m,False
93,B,2762,75.0,m,True
1338,C,250,50.0,m,True
3680,C,1675,32.0,m,True
3897,A,3886,27.0,f,False
4270,D,4224,30.0,m,True
2189,A,518,18.0,f,True
4901,E,3221,41.0,m,True
2869,E,2907,16.0,m,True
3281,E,3115,57.0,f,True
2518,C,3227,16.0,f,True
1697,E,2417,51.0,f,True
154,C,2776,24.0,m,True
3054,B,2113,52.0,m,False
2984,E,1803,42.0,m,True
4054,D,3171,28.0,m,True
2988,C,1963,24.0,m,True
3985,D,2681,43.0,m,False
1159,C,2392,22.0,m,True
1353,C,40,37.0,m,True
667,E,3037,49.0,f,False
3771,D,4435,16.0,m,True
4115,A,3264,53.0,f,False
4147,C,3184,16.0,m,True
1078,A,3416,26.0,f,True
1731,C,874,16.0,f,True
2676,A,4064,40.0,m,False
2195,C,3314,52.0,m,False
1770,B,4732,21.0,m,True
4735,E,2575,67.0,f,True
2836,B,2439,16.0,f,True
2744,E,4561,44.0,m,False
2666,C,478,68.0,m,False
1564,E,3615,16.0,m,True
1956,D,789,29.0,f,True
8,C,478,59.0,m,True
258,D,3454,16.0,m,True
4841,A,3469,35.0,f,False
1250,B,3562,34.0,m,True
530,A,2221,68.0,m,True
4615,D,4147,31.0,f,False
910,C,2018,16.0,f,True
3806,E,2673,64.0,m,False
2417,A,4874,19.0,m,True
2119,E,232,18.0,f,False
753,D,2190,44.0,m,False
763,C,1648,78.0,f,True
147,E,1673,35.0,f,True
2162,E,4888,41.0,f,False
2581,E,1083,16.0,m,True
2287,C,4623,31.0,f,True
4628,A,3203,56.0,f,False
314,D,3199,35.0,m,True
3595,E,686,32.0,m,True
2618,C,1449,39.0,f,True
1723,D,3938,30.0,f,True
1128,B,2750,41.0,f,True
1,D,2503,29.0,f,True
3223,C,1234,85.0,m,True
1394,D,3346,31.0,f,True
2141,E,3114,16.0,m,True
2987,E,2236,54.0,f,False
1562,C,1206,30.0,m,False
2347,B,1511,16.0,m,True
1929,B,2178,16.0,f,True
2560,E,4321,50.0,m,False
2017,A,4606,45.0,m,False
3630,D,2078,16.0,f,True
3326,D,3735,23.0,f,True
3003,A,480,51.0,f,False
327,E,1926,39.0,f,True
4269,D,835,30.0,f,True
253,D,1576,31.0,f,False
3496,B,2913,46.0,m,True
1872,A,2329,43.0,f,False
159,B,2593,60.0,m,True
4561,C,920,16.0,f,False
1369,E,4093,16.0,m,True
2535,A,4745,30.0,f,True
3799,E,3194,32.0,m,True
4748,A,4960,35.0,m,False
486,A,2558,16.0,m,True
721,B,72,16.0,f,False
1245,E,4721,47.0,m,False
1541,A,3508,39.0,f,True
2651,C,3444,41.0,m,True
4671,B,2243,57.0,f,False
2837,E,3412,33.0,f,True
4133,A,4333,56.0,m,True
3114,A,367,38.0,f,False
3138,D,412,30.0,f,True
4087,B,524,22.0,f,True
1948,E,2943,16.0,m,True
1690,B,4037,38.0,f,False
920,C,677,16.0,m,False
4227,B,1138,29.0,m,True
3625,A,2820,32.0,f,True
2312,C,2632,16.0,m,True
4836,A,929,26.0,m,True
819,C,3974,31.0,f,True
3213,C,3527,42.0,f,True
3911,C,3826,55.0,f,True
318,D,1962,37.0,f,False
40,A,3213,16.0,f,True
2745,D,1695,56.0,m,False
1749,A,1124,25.0,m,True
4967,E,303,34.0,m,True
349,E,4917,38.0,f,True
2286,A,1683,23.0,f,True
2292,E,4283,32.0,f,False
3194,D,1641,36.0,m,True
581,D,2646,16.0,f,True
1657,A,14,50.0,f,False
3056,E,4796,16.0,f,True
2664,D,1685,35.0,f,True
3156,E,3815,56.0,f,True
3143,D,99,51.0,m,True
2053,A,2046,16.0,m,True
1188,E,4840,26.0,f,True
2285,D,4138,29.0,f,True
4448,C,649,23.0,f,False
4180,E,80,38.0,f,False
1919,A,341,21.0,m,True
1671,A,548,39.0,m,True
3391,D,2722,22.0,m,False
1247,D,328,29.0,m,True
3449,A,2007,19.0,m,False
31,E,1553,21.0,f,False
2153,B,3045,16.0,m,False
373,B,3493,16.0,m,True
278,A,4949,33.0,m,True
4975,E,932,29.0,f,True
277,B,188,24.0,f,True
699,A,1441,16.0,m,True
305,E,4765,56.0,f,False
4897,E,2726,19.0,m,True
3068,C,3854,59.0,m,True
3519,B,3085,24.0,m,False
3931,E,3944,33.0,m,False
4451,D,1111,35.0,m,True
3505,A,4910,16.0,m,True
2683,B,2734,16.0,m,True
3531,C,3109,19.0,f,True
4779,E,2694,60.0,m,False
4747,A,92,28.0,f,True
2920,D,4392,37.0,f,True
3535,D,4694,31.0,f,False
2939,E,3876,16.0,m,True
2343,E,1447,43.0,m,False
4938,E,2632,16.0,m,True
2181,D,3005,20.0,m,False
4423,E,2554,29.0,m,True
1738,B,2000,29.0,f,True
2495,E,2942,60.0,m,False
3571,A,4203,26.0,f,False
2887,A,3827,40.0,m,False
2121,A,3361,28.0,m,True
2718,C,3198,43.0,f,False
2767,A,1757,19.0,m,True
3968,B,1281,61.0,f,False
4523,A,1420,16.0,f,True
182,D,439,16.0,m,True
386,C,4671,58.0,m,True
3841,C,3286,16.0,f,False
1531,D,1803,16.0,m,True
1195,B,3318,16.0,m,True
440,C,4988,75.0,m,False
409,D,1156,48.0,f,True
4128,C,2611,56.0,m,False
1431,B,2094,44.0,m,False
3661,B,68,38.0,m,True
1489,B,3921,29.0,f,False
54,A,4533,19.0,f,True
3230,D,671,39.0,f,False
2957,B,2940,40.0,f,False
2329,B,2578,44.0,f,False
407,D,588,34.0,m,True
2650,C,2419,16.0,f,True
2058,A,2221,75.0,f,True
759,B,1243,46.0,m,False
4548,E,4468,47.0,f,True
1852,C,2364,34.0,m,True
2766,D,877,18.0,f,True
4131,B,2525,35.0,f,True
3094,C,476,35.0,f,True
4668,A,352,16.0,m,True
1734,D,1463,39.0,m,True
4957,B,4272,34.0,m,True
267,C,2456,62.0,m,True
1954,A,873,16.0,m,True
2397,C,1310,16.0,m,True
1344,E,4465,36.0,m,False
4955,C,3132,37.0,m,True
242,B,2131,16.0,f,True
2319,B,1616,50.0,m,False
47,D,2373,16.0,m,True
4751,C,119,44.0,m,False
1894,B,2354,55.0,f,True
1998,C,4869,39.0,f,True
620,D,3443,54.0,f,False
442,E,4576,37.0,f,False
3992,C,3064,45.0,m,True
1469,B,2043,16.0,m,False
2051,C,682,73.0,m,True
4472,C,822,57.0,m,False
2858,E,4525,22.0,f,True
4920,C,225,20.0,f,True
2321,A,806,38.0,f,False
1638,D,3349,16.0,f,False
1251,C,4380,41.0,m,True
2476,A,3043,56.0,f,True
2095,E,1084,66.0,m,True
2671,E,1698,18.0,f,True
3659,D,3113,73.0,f,False
3238,B,224,16.0,f,False
1012,B,2754,18.0,f,True
3929,D,934,16.0,m,True
4082,C,3877,28.0,m,True
3494,A,386,16.0,f,True
3010,B,915,23.0,m,True
1457,A,2006,31.0,f,True
2838,C,622,40.0,f,False
3358,A,2771,32.0,m,True
2877,D,1683,45.0,f,False
1941,C,3082,16.0,m,True
232,C,2405,23.0,m,False
546,B,2099,57.0,f,True
874,B,2855,36.0,f,True
859,E,4898,66.0,m,True
4489,B,4438,24.0,f,True
3090,B,1903,29.0,m,True
3516,A,363,26.0,m,True
4639,B,1076,16.0,m,True
3812,A,2656,45.0,f,True
163,A,166,16.0,m,True
95,E,2761,57.0,m,False
2014,B,2489,44.0,m,False
3655,E,269,29.0,f,True
4654,D,581,39.0,m,True
1890,E,2834,16.0,m,True
2997,E,4051,48.0,m,True
3208,E,4862,25.0,m,True
4956,C,1791,40.0,f,True
2034,E,2818,16.0,m,True
2209,A,4180,45.0,f,True
3724,C,692,16.0,m,True
3405,D,581,16.0,m,True
1703,C,3274,33.0,f,True
927,E,865,56.0,f,False
1260,E,462,16.0,f,False
2488,D,1925,31.0,f,True
502,E,1148,29.0,m,False
4274,D,2441,16.0,f,True
2368,B,895,27.0,m,True
2394,B,919,56.0,m,False
3382,C,3556,36.0,m,True
4619,B,4330,41.0,f,False
4066,A,1115,18.0,f,True
712,B,591,16.0,m,True
4470,D,1837,29.0,f,True
3183,D,4550,31.0,f,True
3545,C,4832,16.0,f,True
2598,A,2946,45.0,f,False
725,C,3781,37.0,m,True
3673,C,767,39.0,f,True
2813,C,1206,28.0,m,True
3926,B,4431,65.0,f,True
2643,A,773,74.0,f,True
915,D,1655,73.0,m,True
4059,D,1294,16.0,m,True
1544,E,636,16.0,m,False
469,D,3105,19.0,m,True
2538,E,2433,50.0,m,False
48,E,1626,32.0,m,True
3794,C,3817,30.0,m,True
3432,B,4553,39.0,m,True
3339,B,2268,48.0,f,False
473,D,1624,16.0,m,True
2015,C,2789,45.0,f,False
1947,C,3242,24.0,f,False
9,E,2626,16.0,f,True
3341,B,1271,56.0,f,False
4898,C,1408,16.0,m,True
4018,E,3384,44.0,f,True
3258,C,147,17.0,f,True
2083,C,2940,45.0,m,False
2627,A,3191,16.0,m,True
4637,B,2876,71.0,m,False
1709,A,2421,38.0,f,False
781,C,1016,56.0,m,False
3353,B,1281,39.0,f,True
1147,A,4460,18.0,m,True
4343,A,4636,23.0,f,False
295,B,4022,32.0,m,True
2,C,643,29.0,m,False
1074,E,2206,16.0,m,True
1200,B,1661,42.0,m,False
3348,C,3843,35.0,m,True
3789,D,1151,36.0,f,False
1995,E,2896,59.0,m,True
1006,B,4358,85.0,f,False
601,E,2199,49.0,m,True
2154,C,1340,16.0,f,True
4739,B,834,40.0,m,True
4924,A,4493,18.0,f,False
3721,B,737,56.0,f,False
3212,C,236,39.0,f,True
4449,D,2214,32.0,f,True
1951,C,4113,16.0,m,True
2769,D,4304,34.0,m,True
4442,A,2949,33.0,f,True
1515,D,1152,61.0,m,False
4382,E,1252,20.0,m,True
3490,C,4563,16.0,f,True
1865,A,2137,43.0,f,True
4591,D,1417,20.0,m,True
3485,E,3277,39.0,m,True
2956,E,3489,21.0,m,True
840,A,2332,16.0,f,True
2254,C,4015,16.0,f,True
3557,A,4804,37.0,f,False
2975,B,787,39.0,m,False
883,A,4241,41.0,m,True
681,A,2456,57.0,m,True
2912,E,2835,26.0,m,True
3526,C,4484,55.0,f,True
1322,C,1337,20.0,f,True
3800,C,1678,28.0,f,True
671,A,2925,16.0,f,False
543,B,1010,52.0,m,False
1782,A,3082,50.0,f,True
380,A,3077,45.0,f,True
4400,D,4189,45.0,f,False
2338,D,930,52.0,f,True
4256,C,2181,33.0,m,True
3178,D,3442,32.0,f,True
940,E,4731,16.0,f,False
1870,A,3936,25.0,f,True
1867,C,3260,22.0,f,False
2935,C,2206,31.0,m,True
3733,C,2710,37.0,f,False
4237,E,1952,24.0,m,True
1698,B,2739,55.0,f,True
3190,E,2835,59.0,f,False
2358,B,2184,41.0,m,False
4397,B,2162,16.0,m,True
1341,C,36,29.0,m,True
3910,E,2529,31.0,m,False
2176,D,907,32.0,m,False
387,B,2414,38.0,f,True
3053,E,71,46.0,m,True
4084,B,2156,16.0,f,False
4369,D,306,16.0,m,True
99,B,3683,62.0,m,False
4233,C,4510,45.0,m,True
1302,A,3802,37.0,m,True
3198,D,2747,19.0,f,True
4706,E,2665,16.0,f,True
3444,C,1657,16.0,m,False
1008,C,3417,17.0,f,False
2072,C,1085,38.0,m,False
2475,C,3417,34.0,f,True
790,B,2868,39.0,m,True
4155,D,2299,16.0,f,True
4976,B,4787,16.0,m,False
3657,C,1906,80.0,f,False
1100,D,4575,39.0,f,True
783,B,3414,37.0,f,True
2151,E,3426,42.0,m,True
3550,C,4913,39.0,m,True
514,D,268,16.0,f,False
478,C,1233,34.0,m,False
1399,B,1184,16.0,f,True
264,D,522,23.0,m,True
4026,E,931,16.0,m,True
942,E,1545,23.0,f,False
2263,D,2147,18.0,f,False
3898,A,4728,23.0,m,True
4360,A,2274,16.0,f,True
4660,D,4600,55.0,m,True
1462,A,484,43.0,m,False
3593,C,3451,76.0,f,True
4186,C,1009,33.0,f,True
4403,D,4403,49.0,m,True
4183,B,3937,27.0,m,False
1825,B,3662,71.0,f,True
2792,E,4448,16.0,f,False
3831,A,2721,19.0,f,True
2469,A,3025,63.0,f,False
1398,A,2191,27.0,f,False
1237,B,3644,47.0,f,False
2422,A,881,76.0,m,True
3499,A,3518,27.0,f,True
4618,A,4665,42.0,f,True
4808,B,1045,17.0,m,True
1877,A,407,35.0,f,False
3927,C,1579,29.0,f,True
1015,A,2571,43.0,m,True
4421,C,436,31.0,m,True
722,E,3982,54.0,f,False
1448,D,1265,24.0,f,False
1320,C,621,52.0,m,True
1415,B,4453,55.0,m,False
1126,C,780,47.0,f,True
237,C,1694,16.0,f,True
15,C,2545,16.0,m,True
1129,E,2985,23.0,m,False
4049,D,3858,57.0,f,False
4427,E,3995,16.0,f,False
3888,E,828,35.0,f,True
1377,E,4302,41.0,f,True
4236,B,3624,61.0,f,True
268,D,4237,41.0,m,True
4738,D,3521,18.0,f,True
3059,B,2746,19.0,f,False
1459,E,1622,26.0,f,True
3902,A,1514,18.0,f,False
4718,E,1913,24.0,f,True
4275,E,186,16.0,m,False
3621,D,4636,22.0,m,True
4981,B,4787,16.0,f,True
4688,A,2325,16.0,f,True
4283,A,2231,43.0,m,True
3609,B,3514,18.0,f,False
1510,E,2531,34.0,m,False
913,D,4039,27.0,m,True
2639,A,259,42.0,f,True
2333,A,4528,20.0,m,True
2424,D,523,29.0,f,True
1504,C,4022,16.0,f,True
342,D,4673,36.0,m,True
688,D,1995,69.0,m,True
2278,A,1788,48.0,m,True
4203,B,3482,45.0,f,False
2564,D,4331,42.0,f,True
4874,C,912,33.0,f,False
2407,B,4046,66.0,f,False
724,A,4979,16.0,f,True
4383,C,3832,34.0,m,True
4917,C,870,47.0,m,False
2701,B,2150,34.0,f,False
3328,C,1425,25.0,m,False
4581,B,3453,36.0,m,True
2026,A,3526,24.0,m,False
4377,C,4670,16.0,m,True
1036,A,4356,24.0,m,True
4510,D,430,23.0,f,False
624,B,1590,30.0,m,True
1994,E,1008,69.0,m,True
2991,C,4052,42.0,f,True
4771,C,2679,27.0,m,True
939,C,1439,24.0,f,True
329,C,2149,53.0,f,True
2709,B,3053,24.0,m,True
1829,B,938,46.0,f,True
3489,A,3636,16.0,m,True
3824,D,1118,35.0,f,True
1505,E,3025,18.0,m,True
4471,A,1038,86.0,m,False
4452,A,2680,22.0,f,True
1969,B,513,24.0,m,True
2652,A,399,52.0,f,False
105,D,3686,27.0,m,True
1904,D,688,73.0,f,False
762,C,764,17.0,m,True
3225,E,3323,28.0,f,False
1717,C,4701,16.0,m,True
1519,C,769,34.0,f,True
2133,D,2937,41.0,m,True
2548,A,2206,48.0,f,True
378,D,288,35.0,f,True
1701,C,3786,58.0,f,True
107,B,4975,54.0,m,False
4121,C,4704,69.0,m,False
1784,A,4357,53.0,f,False
3548,C,4498,72.0,f,True
2159,C,1395,20.0,f,True
4516,D,2604,25.0,m,True
2603,A,2324,52.0,m,True
4675,E,368,49.0,m,True
4732,A,3568,18.0,f,True
2541,A,3932,26.0,f,True
4982,C,773,43.0,m,True
2587,A,1502,20.0,m,True
1692,A,2114,36.0,f,False
4359,E,2296,16.0,f,True
1760,C,695,33.0,f,True
1728,C,270,16.0,m,True
3,D,4744,22.0,m,False
1688,D,397,17.0,f,False
656,C,4809,16.0,m,True
1996,D,1713,57.0,f,True
3958,A,2312,43.0,f,False
2700,A,3347,49.0,f,True
4866,A,2214,28.0,f,True
3766,A,3939,47.0,m,False
2888,E,1394,16.0,f,True
4307,E,1233,52.0,m,True
4166,E,1714,21.0,f,True
2874,A,2186,22.0,f,True
4074,B,2270,51.0,f,False
13,C,1357,47.0,m,False
1490,C,1918,18.0,f,False
1058,B,3628,16.0,f,True
903,C,1260,35.0,f,True
4793,D,4962,16.0,f,True
4528,C,3925,48.0,f,True
1048,C,2449,31.0,f,True
2688,A,2087,18.0,f,True
1962,A,224,25.0,f,True
3686,E,1886,25.0,f,True
2041,A,1431,16.0,m,True
4450,E,3470,23.0,f,True
775,B,701,63.0,f,False
2555,C,936,24.0,m,False
2267,C,1779,70.0,f,False
361,C,874,39.0,m,True
2503,E,1634,16.0,m,True
3340,A,174,26.0,m,False
4375,C,610,44.0,m,False
4796,B,81,31.0,m,True
999,C,4487,16.0,f,True
153,C,3101,27.0,f,False
1835,B,35,39.0,m,False
4161,C,4541,53.0,m,True
2882,E,3835,16.0,f,True
1888,D,702,21.0,m,True
1802,E,2330,38.0,f,False
3967,C,1781,28.0,m,False
2865,C,1430,16.0,m,True
244,C,4149,66.0,f,False
843,E,2941,26.0,m,True
66,D,4614,50.0,m,True
747,A,1154,28.0,m,True
3135,C,1450,22.0,f,True
3324,D,2101,33.0,m,True
2046,E,3814,54.0,m,True
3936,B,4699,47.0,f,True
1553,C,4511,49.0,f,True
2145,C,4748,56.0,m,True
3069,E,4895,16.0,f,True
4929,A,1083,37.0,m,True
4258,B,2116,25.0,m,False
4562,D,1466,20.0,m,True
3677,E,4891,21.0,f,False
4625,B,2230,24.0,f,True
1598,E,2800,68.0,m,False
2465,D,1287,34.0,m,True
1727,A,2795,28.0,f,False
3796,B,4465,30.0,m,True
844,E,2528,55.0,m,True
2408,B,2147,16.0,m,True
792,A,2271,41.0,m,False
1612,A,4554,50.0,f,False
3691,C,2350,17.0,f,True
2341,A,1773,36.0,f,True
718,D,491,16.0,f,True
1150,B,4684,63.0,m,True
4149,A,4805,50.0,m,False
3270,D,1488,32.0,m,False
547,B,2712,32.0,f,True
3420,A,2298,44.0,f,True
2594,D,2331,59.0,f,True
1473,D,46,63.0,f,True
3278,C,3584,16.0,m,True
2477,C,744,16.0,f,False
4622,B,2187,16.0,m,False
2556,D,3154,25.0,m,True
4296,B,1519,20.0,f,True
1144,A,895,16.0,m,False
1873,E,4771,66.0,f,False
3539,A,1020,45.0,f,True
87,D,2231,21.0,m,False
3645,C,3724,56.0,m,False
3705,C,3583,40.0,m,True
3167,A,557,18.0,f,True
2006,E,2039,16.0,f,True
3973,E,4710,37.0,f,False
4991,E,3290,16.0,m,True
289,E,4703,20.0,f,True
3356,B,1079,47.0,f,True
1788,D,4664,16.0,f,False
3314,A,2538,53.0,f,True
2934,B,3890,50.0,f,False
2820,C,4039,42.0,m,False
4752,A,4745,16.0,f,True
1347,D,2022,36.0,f,False
4804,B,1671,44.0,f,False
50,D,3135,24.0,f,True
855,A,3380,16.0,m,True
3448,A,4059,58.0,f,True
425,B,4871,54.0,f,True
2894,C,433,30.0,f,True
2505,C,4643,52.0,m,True
4293,E,2379,37.0,f,False
1179,C,281,22.0,f,True
4679,B,3385,16.0,f,False
2201,A,2373,34.0,m,True
909,E,616,25.0,f,False
1868,E,4159,32.0,f,False
1901,E,1341,57.0,f,True
822,E,3128,19.0,f,True
150,A,321,19.0,f,True
4048,D,1923,42.0,m,True
1356,C,881,26.0,f,True
4366,C,1347,27.0,f,True
4609,B,3477,34.0,f,True
2741,E,2413,29.0,f,True
3137,A,1437,25.0,m,True
571,E,3055,30.0,f,True
1112,E,2791,16.0,f,True
4404,B,3364,69.0,f,True
1435,A,864,41.0,f,True
2752,B,3994,28.0,m,True
1523,A,1661,66.0,m,True
4418,D,4956,52.0,f,True
2190,C,209,60.0,f,True
4971,D,2560,65.0,f,True
1976,B,3593,48.0,f,False
2613,E,4474,18.0,f,True
2536,B,1136,26.0,f,True
2914,B,4377,56.0,m,False
1783,A,4019,25.0,f,False
74,A,4329,39.0,m,True
46,A,213,16.0,m,True
4300,C,1362,16.0,m,True
1151,A,872,24.0,m,True
4892,B,1287,21.0,m,True
1097,E,2776,24.0,f,True
1668,C,833,24.0,f,False
3316,B,3024,19.0,m,True
2854,B,3035,37.0,m,False
1476,A,2594,51.0,f,False
1252,E,4994,16.0,m,True
2753,D,1600,54.0,f,True
4652,B,432,16.0,f,False
109,D,2594,16.0,m,True
2669,B,2979,34.0,f,True
3047,D,4104,59.0,f,False
299,E,4014,37.0,m,True
3559,E,2511,39.0,m,True
3451,D,1150,31.0,f,True
1387,B,4260,16.0,m,True
593,B,4273,56.0,m,True
3822,E,3690,72.0,f,False
21,D,22,58.0,f,True
1499,A,3886,23.0,f,False
4504,E,4865,30.0,m,True
654,C,3522,17.0,f,True
2580,B,4915,63.0,m,True
2790,B,1218,16.0,m,True
4659,C,1178,42.0,f,False
2844,B,1105,49.0,m,False
454,C,4924,16.0,f,False
1604,B,707,52.0,f,True
2600,A,2750,33.0,m,False
17,B,2476,28.0,m,False
3255,E,4347,23.0,m,True
2872,E,2483,50.0,m,True
4219,A,1147,16.0,m,True
4857,A,1184,22.0,m,True
4621,C,2743,31.0,m,True
2055,A,1330,59.0,m,True
4214,B,250,45.0,f,False
4281,A,4038,31.0,m,False
3109,C,1540,50.0,m,True
1516,B,2239,46.0,f,True
2393,B,3507,27.0,f,True
4279,E,1706,16.0,m,True
4358,B,720,51.0,m,False
464,B,1611,60.0,f,True
1863,E,4451,33.0,f,True
1054,D,3862,63.0,f,False
3371,E,149,16.0,f,True
633,D,215,16.0,m,True
3480,A,4583,45.0,m,True
3011,C,548,73.0,m,False
3409,A,3405,21.0,m,True
2460,A,4288,18.0,m,False
4016,B,1117,33.0,f,False
4263,C,1916,34.0,f,True
1751,E,1045,29.0,f,True
2609,B,1615,31.0,m,True
1756,D,898,51.0,f,True
3074,A,4745,55.0,f,True
898,D,3504,31.0,f,True
272,D,3677,16.0,f,True
771,D,4344,39.0,f,True
2107,B,3086,70.0,m,True
984,D,3839,37.0,f,False
542,D,1481,39.0,m,True
3083,E,4272,29.0,f,True
1693,E,2966,42.0,f,False
4002,C,3148,30.0,f,True
3389,B,809,16.0,m,False
3298,D,3372,16.0,f,True
4310,B,3242,35.0,f,True
2873,A,4289,16.0,m,True
1357,B,69,35.0,m,True
2426,B,3923,16.0,m,True
4647,C,3661,33.0,f,True
3720,B,4592,57.0,m,True
3618,B,1153,26.0,f,True
4398,C,2385,16.0,m,True
1231,B,4470,43.0,f,True
2142,A,1843,37.0,m,True
2192,E,245,58.0,m,False
723,C,3927,44.0,m,False
2649,D,859,18.0,m,True
2576,E,960,49.0,m,False
2492,D,1194,50.0,m,True
4653,E,4939,65.0,f,True
4345,E,4447,16.0,f,True
1023,E,3833,19.0,f,True
348,A,2128,37.0,m,True
3177,E,2852,22.0,m,True
4590,A,4181,16.0,f,True
1288,C,3195,54.0,f,False
576,E,280,25.0,m,True
1517,D,315,56.0,f,True
612,C,1714,48.0,f,True
4206,C,3532,31.0,f,True
1082,E,493,79.0,m,False
2926,D,3115,34.0,m,False
3793,B,1586,57.0,m,True
4102,D,187,36.0,m,True
132,C,497,29.0,m,False
1423,D,526,27.0,m,True
2392,D,239,24.0,f,False
3732,B,254,16.0,f,True
3283,E,3889,16.0,f,True
1219,E,4740,31.0,f,True
1318,B,1111,44.0,f,False
644,B,4026,44.0,f,False
830,D,4345,42.0,m,False
4667,E,4774,31.0,m,False
2194,E,951,19.0,f,False
94,A,4705,40.0,m,True
3269,D,1296,33.0,f,True
3827,D,3558,33.0,f,True
2861,C,4658,71.0,f,True
3100,B,3572,27.0,f,True
509,A,182,16.0,m,True
1050,A,3810,21.0,f,True
4335,C,3871,29.0,f,False
4896,A,3285,34.0,f,False
1925,A,2291,52.0,f,True
2247,A,726,31.0,f,False
1027,D,4260,16.0,m,True
2246,E,1103,19.0,f,True
728,B,1878,27.0,f,False
1154,B,3274,45.0,m,True
4019,A,3493,32.0,m,True
3439,A,4527,55.0,f,True
2452,A,1317,42.0,f,True
3196,D,2106,16.0,f,False
2641,E,3233,37.0,f,True
1860,B,4664,23.0,f,False
2531,A,4772,38.0,f,True
1035,C,175,51.0,m,True
2385,B,758,16.0,f,False
29,C,3026,16.0,f,True
896,D,2199,35.0,f,True
742,D,115,42.0,f,True
1708,C,2467,22.0,f,True
1575,C,3285,16.0,m,True
3755,A,471,29.0,m,False
1849,A,3482,16.0,f,True
660,B,2850,42.0,m,True
1882,D,4013,17.0,m,True
4225,C,3235,16.0,m,True
1199,A,3115,64.0,m,True
231,A,1483,26.0,f,True
2009,E,567,45.0,m,False
3227,B,3000,16.0,m,True
2786,C,1510,54.0,m,True
2205,A,4613,38.0,f,False
4694,C,194,24.0,m,False
3966,E,1170,28.0,m,True
3885,C,4472,28.0,m,False
3837,B,4323,16.0,m,False
4761,E,396,23.0,f,False
1493,C,3142,16.0,m,True
3284,D,63,21.0,m,False
421,D,954,29.0,f,True
3421,B,2107,56.0,m,False
149,E,4428,28.0,f,True
2534,C,1625,18.0,m,False
2435,C,4772,23.0,m,True
734,D,287,50.0,f,True
3092,A,2359,25.0,m,True
2711,D,3374,16.0,f,True
2073,A,3036,56.0,m,True
3320,E,2004,16.0,f,True
1981,A,4406,16.0,f,True
3028,C,4493,35.0,m,False
4711,B,959,43.0,f,False
222,C,4926,38.0,f,True
1732,B,3791,16.0,m,True
139,E,4690,55.0,m,True
1674,B,3110,37.0,m,True
3601,D,2331,45.0,f,True
4613,A,669,16.0,f,True
2981,A,1650,16.0,f,False
4630,C,3254,16.0,f,True
3018,D,4628,54.0,m,True
3836,D,4535,33.0,f,True
460,A,4716,52.0,f,False
2685,E,1368,18.0,f,True
551,A,3890,50.0,m,True
2018,B,1195,47.0,f,True
556,C,2611,18.0,m,True
4903,D,4978,16.0,f,False
4968,C,1919,16.0,f,True
466,B,4439,51.0,m,False
1767,C,308,16.0,m,True
3027,C,1804,25.0,m,True
2136,C,1028,40.0,m,False
424,D,3465,25.0,f,False
4818,C,2431,33.0,f,True
1463,C,1233,30.0,f,True
4722,B,3035,26.0,m,True
4143,D,57,16.0,f,True
765,C,1552,46.0,m,True
4012,C,3148,30.0,m,True
3725,B,3864,16.0,f,True
4693,E,4394,20.0,f,False
3562,D,1190,44.0,f,False
3778,C,1296,16.0,m,True
2202,D,128,77.0,f,False
1116,E,3139,52.0,f,True
3763,E,2018,70.0,f,True
808,A,3573,31.0,f,True
304,E,2736,38.0,m,True
4211,A,2058,16.0,m,True
3983,C,4967,20.0,m,True
4757,A,187,51.0,f,False
1155,E,1844,33.0,f,True
4123,A,371,50.0,f,False
1755,C,3782,34.0,m,True
3869,B,2588,16.0,f,False
4114,A,4817,16.0,m,True
1374,E,2592,53.0,m,True
3908,D,2539,16.0,m,False
994,A,2135,62.0,f,False
73,D,746,68.0,f,True
4193,D,2105,41.0,m,True
3187,C,3548,65.0,f,True
4316,A,905,25.0,f,True
998,C,2608,38.0,m,False
3228,D,1536,33.0,m,True
2925,A,3811,67.0,m,True
4832,C,593,30.0,m,False
1393,B,3451,19.0,m,True
4788,B,1599,36.0,f,True
1083,A,133,63.0,m,True
2884,E,1428,53.0,m,False
1451,E,3478,16.0,f,True
4744,D,804,50.0,m,False
266,D,4441,17.0,m,True
2970,E,1390,19.0,m,False
1224,D,4150,16.0,m,True
4014,D,1658,16.0,f,True
2362,D,877,37.0,f,True
4354,A,1728,16.0,f,False
1859,D,1039,32.0,m,False
1114,A,2586,16.0,m,True
1062,A,3786,16.0,f,True
1599,D,1365,47.0,m,True
1839,C,469,25.0,f,True
371,A,1779,26.0,m,True
2965,C,4552,37.0,m,True
4051,A,555,35.0,f,True
4831,C,563,20.0,m,False
1381,C,1267,41.0,m,True
918,C,1358,17.0,f,False
2589,C,3760,61.0,f,False
2958,C,2102,20.0,m,False
2076,E,785,19.0,m,True
4535,C,4279,38.0,f,True
1352,D,2764,67.0,m,False
2999,A,4171,68.0,m,True
2568,A,3014,46.0,m,True
4501,D,4761,46.0,f,False
1679,D,1186,38.0,m,True
2736,D,3640,51.0,f,False
1656,D,4530,64.0,m,True
2611,B,2400,38.0,m,False
1659,C,3692,29.0,m,True
988,D,2183,47.0,f,True
3791,C,4577,44.0,m,True
1555,D,67,24.0,f,False
1576,A,24,36.0,m,True
3369,B,1068,16.0,m,True
4521,C,4294,30.0,m,True
3251,A,98,31.0,m,True
3647,D,2784,32.0,m,True
4888,D,1988,16.0,m,False
1071,B,1480,40.0,f,True
4090,C,1124,47.0,m,True
3961,E,4607,16.0,m,False
2352,D,1082,17.0,f,False
1522,D,996,27.0,m,False
56,C,777,48.0,m,True
2740,B,4280,43.0,f,False
2402,D,256,24.0,m,True
4223,B,3791,16.0,m,True
4651,E,2523,16.0,m,True
3666,D,3307,43.0,f,True
2445,E,3293,51.0,m,False
2563,E,3940,54.0,m,False
4567,E,2308,16.0,f,True
3301,D,3395,87.0,m,False
1609,E,377,16.0,f,True
4110,D,117,30.0,f,True
906,D,1647,16.0,m,True
3709,B,4280,16.0,f,True
2945,D,732,18.0,f,False
672,C,2979,31.0,f,True
1253,E,1422,27.0,f,True
736,D,215,40.0,m,False
3825,D,2082,16.0,f,True
997,E,4680,16.0,f,False
4595,A,1806,28.0,m,False
4207,A,4088,16.0,m,False
4750,C,4091,16.0,f,True
4410,C,4272,28.0,f,True
2771,C,1856,20.0,m,True
390,E,3783,23.0,m,True
3969,E,1680,41.0,f,False
374,E,1467,27.0,m,True
3200,D,4758,21.0,f,False
4462,C,4983,26.0,f,True
812,A,2181,16.0,m,False
1319,B,1001,16.0,m,True
4508,D,1257,19.0,m,True
1587,A,1705,58.0,f,True
1669,D,1116,17.0,f,True
3337,C,4066,16.0,f,True
2389,B,4499,45.0,m,True
1879,B,2175,16.0,f,True
3587,C,4776,39.0,f,True
3530,B,4273,54.0,m,True
912,A,2840,55.0,m,False
3256,E,3386,21.0,m,False
616,B,361,70.0,f,False
3592,B,4224,16.0,m,True
3679,A,1926,16.0,f,True
1263,D,3225,16.0,m,True
3653,E,2227,36.0,f,True
3335,A,4814,16.0,m,True
649,D,3763,26.0,m,True
772,D,3854,64.0,m,False
4361,E,267,16.0,m,False
801,C,1278,39.0,f,True
2815,C,1118,54.0,f,True
438,A,3589,51.0,f,False
1771,C,1910,60.0,f,True
4570,B,4474,16.0,m,True
779,B,2909,19.0,m,True
853,C,4079,16.0,m,True
4424,E,2211,50.0,f,False
3145,C,1524,16.0,f,True
144,D,2704,16.0,f,False
1565,B,382,16.0,m,False
836,B,933,44.0,m,True
3195,A,4496,26.0,f,True
2240,A,3670,16.0,f,True
3979,E,2608,43.0,m,False
4126,D,73,16.0,f,True
2257,A,4130,16.0,m,True
2989,C,2354,16.0,f,True
263,E,4231,16.0,m,True
3296,B,1207,46.0,f,False
3292,A,3844,16.0,m,True
4655,E,651,37.0,f,False
4610,A,4809,16.0,m,True
345,B,2578,38.0,f,True
1789,E,4498,16.0,m,True
4197,B,2652,26.0,f,True
4164,C,2396,16.0,f,True
862,A,201,66.0,m,True
2629,D,4260,36.0,f,False
3877,E,201,32.0,f,True
178,B,3169,43.0,m,True
1661,D,1357,67.0,m,True
1337,C,4255,33.0,f,True
1600,D,3602,16.0,m,True
4723,A,3213,56.0,f,False
23,D,2002,35.0,m,True
4758,C,679,44.0,f,False
1206,A,1330,32.0,f,False
3536,C,1130,16.0,f,True
1276,C,1030,44.0,m,True
519,B,4583,28.0,f,True
1547,A,999,16.0,m,True
513,D,1289,25.0,f,True
2306,E,3154,35.0,m,True
4299,A,4827,56.0,f,True
1780,E,4935,27.0,m,True
2304,B,665,38.0,m,True
3840,C,2728,19.0,m,True
1896,B,794,16.0,f,True
3839,A,1784,50.0,m,True
1371,B,3586,38.0,m,True
914,E,2501,60.0,f,True
3009,A,2123,16.0,m,False
1474,C,496,30.0,m,False
4414,E,4790,64.0,m,False
666,A,3143,38.0,m,False
4339,C,1276,44.0,f,False
945,E,3417,22.0,m,True
1779,B,2335,46.0,m,True
1170,B,2658,16.0,f,True
4244,D,2725,16.0,f,True
3407,C,864,59.0,m,True
4494,A,2193,52.0,m,True
3740,D,2628,22.0,f,True
224,D,4510,25.0,m,True
3440,D,142,25.0,m,True
1554,A,4453,67.0,f,True
3802,B,3013,52.0,f,True
4855,E,2749,42.0,f,False
935,E,2022,16.0,m,True
1363,A,2003,60.0,f,True
2707,A,2442,34.0,f,True
4649,E,4017,16.0,f,True
1880,B,3847,16.0,m,True
1136,A,4052,16.0,m,True
1545,C,262,16.0,f,True
114,B,1650,34.0,m,False
4986,A,2754,28.0,f,False
3104,E,1834,75.0,f,False
3566,A,3416,30.0,f,True
701,B,1989,50.0,m,True
2665,C,1866,37.0,m,True
2785,E,2742,16.0,m,True
5000,A,4980,16.0,m,True
4388,C,2469,16.0,m,False
216,A,2617,20.0,m,True
1163,A,1205,25.0,m,True
1456,A,2736,33.0,m,True
164,E,110,33.0,f,True
3323,A,2722,16.0,m,True
4001,E,932,49.0,m,True
897,D,18,16.0,m,True
2193,A,2780,50.0,f,True
193,B,788,40.0,f,True
1441,C,4675,18.0,f,False
3191,D,3726,49.0,m,False
4168,B,82,16.0,m,True
1897,D,2884,47.0,m,True
3996,D,2531,16.0,f,True
2016,D,2696,41.0,f,False
3039,D,4056,31.0,m,True
2800,E,1180,30.0,m,True
1378,D,1684,46.0,m,False
4435,A,4266,51.0,m,True
2586,B,3224,33.0,f,False
2330,D,1368,43.0,f,True
4251,E,1014,16.0,f,True
1920,A,476,16.0,m,False
1070,A,3496,26.0,f,True
2375,A,877,34.0,f,True
3527,B,2561,56.0,m,True
168,A,1713,57.0,m,True
3598,D,1968,53.0,f,False
2783,E,3227,16.0,m,True
1011,B,2021,29.0,m,True
4776,C,1014,53.0,m,True
3521,C,3609,41.0,f,True
3279,D,2728,63.0,m,True
1053,D,1590,37.0,f,False
3327,C,815,16.0,m,True
3307,C,2446,16.0,m,True
1682,C,5000,22.0,f,True
3045,E,48,53.0,f,True
397,A,1249,44.0,f,True
83,D,2883,43.0,f,True
2575,E,3286,16.0,f,True
3671,C,136,18.0,f,True
4064,C,1856,64.0,f,True
2810,B,3727,49.0,m,True
2748,A,3084,46.0,f,False
4915,C,236,20.0,f,True
2628,A,3260,31.0,m,True
2163,B,1055,45.0,m,False
227,D,4106,28.0,m,True
2261,B,1249,19.0,f,True
4077,E,4075,64.0,f,True
4801,A,3645,59.0,m,True
3978,A,4568,40.0,m,False
2780,D,2850,57.0,m,True
4805,B,1809,18.0,f,True
4992,C,883,57.0,m,False
4108,B,2413,27.0,m,True
506,E,4745,16.0,f,False
3563,E,4644,32.0,f,False
79,C,4122,23.0,f,False
170,E,1774,51.0,f,True
27,E,1785,48.0,m,True
1291,D,1095,41.0,m,True
692,A,4107,43.0,m,False
2670,D,1189,49.0,f,False
1241,B,2415,33.0,f,True
697,C,2168,16.0,f,True
608,E,2264,16.0,f,True
2777,D,445,55.0,m,True
20,B,406,24.0,f,True
4983,E,4267,18.0,m,True
3542,A,1510,22.0,f,True
4753,A,3909,69.0,f,True
4160,D,131,38.0,f,True
944,E,96,71.0,m,True
976,D,1362,16.0,m,False
1875,E,440,33.0,m,True
4765,E,2823,33.0,f,True
3207,A,119,50.0,m,True
2635,D,4212,65.0,f,False
4372,A,3163,18.0,f,False
179,D,841,41.0,m,True
3302,E,1754,52.0,m,True
1259,E,3131,16.0,m,True
3716,D,659,62.0,m,True
4349,B,2987,16.0,f,True
3063,E,3607,24.0,f,True
2730,C,4360,16.0,m,True
4692,A,478,44.0,m,False
1088,E,1903,33.0,m,True
2946,A,3843,16.0,f,True
2673,C,897,32.0,m,True
2881,B,3290,60.0,f,True
2380,B,3476,20.0,f,False
3895,A,1323,43.0,m,True
3942,A,2752,39.0,m,True
3132,E,4971,53.0,m,True
1376,B,448,46.0,f,False
2812,A,2370,22.0,m,True
3955,B,4812,19.0,f,False
3126,E,1011,37.0,m,False
664,B,2249,16.0,m,True
2420,C,3554,23.0,f,False
2224,C,399,32.0,m,True
3224,A,613,53.0,f,False
1210,A,1344,16.0,f,False
617,A,2916,44.0,m,False
797,D,1785,37.0,m,True
4817,E,1375,16.0,f,True
996,A,2824,22.0,m,False
3112,E,28,103.0,f,False
1563,B,3295,52.0,m,False
2705,B,2935,72.0,m,True
4247,C,1841,68.0,m,True
3005,D,3621,70.0,m,True
2809,D,546,40.0,m,True
123,C,3362,28.0,f,True
837,E,3597,34.0,m,True
4212,B,3318,41.0,m,False
2803,C,4219,24.0,m,True
1569,A,4032,40.0,m,True
4481,B,3958,16.0,f,False
1133,B,1168,16.0,f,True
511,C,3196,30.0,f,True
1730,C,1661,16.0,f,True
3783,C,507,16.0,m,True
1814,D,3066,42.0,f,True
2596,D,2750,60.0,m,False
1487,D,1457,16.0,m,False
3264,B,4488,16.0,f,True
4775,D,768,43.0,f,True
651,B,3345,63.0,m,True
2441,D,4700,66.0,f,False
2454,A,2941,25.0,m,False
2187,C,4056,39.0,f,True
3117,E,1748,52.0,m,False
4378,D,4812,34.0,m,False
238,C,4161,24.0,f,True
3037,B,4999,31.0,m,True
2675,E,4821,77.0,f,True
4380,B,2513,16.0,m,True
613,B,663,30.0,m,True
4932,E,1701,34.0,m,False
2692,B,3450,16.0,f,False
3970,C,4999,35.0,m,False
4468,E,3147,34.0,m,True
849,B,2530,34.0,m,False
302,B,61,47.0,m,True
4784,E,3655,53.0,m,True
1729,B,2962,43.0,m,True
583,E,2635,42.0,f,True
350,B,668,31.0,f,False
201,C,3301,36.0,f,False
1185,D,1169,25.0,m,True
2230,D,3559,20.0,m,True
3628,E,366,16.0,f,True
2451,B,323,31.0,m,True
395,A,2880,22.0,f,True
3750,C,2428,65.0,f,False
1595,E,1763,16.0,f,True
2653,B,3415,41.0,m,True
1935,C,2146,26.0,f,True
2667,E,2390,29.0,m,False
675,C,3925,31.0,m,False
2356,A,831,32.0,m,True
335,A,1,16.0,f,True
1010,A,4927,16.0,m,True
4585,C,3905,23.0,m,True
4453,A,4937,27.0,m,True
3287,E,2179,16.0,m,True
3694,B,101,35.0,m,True
1745,C,1304,35.0,m,True
1269,C,4179,16.0,m,True
4204,D,2945,26.0,f,False
3522,D,1806,25.0,f,True
2717,B,2657,16.0,f,True
1607,C,1239,17.0,m,False
1098,E,4976,65.0,f,True
663,A,4454,29.0,f,False
4198,D,4902,32.0,f,True
3699,E,4025,18.0,f,True
42,A,1178,16.0,f,True
3417,B,2205,31.0,m,False
1573,C,4534,16.0,m,True
4720,C,3370,36.0,f,True
3773,B,3092,16.0,m,True
3498,D,1618,47.0,m,False
2111,C,2258,16.0,m,True
3150,E,735,16.0,m,True
435,C,3850,34.0,m,True
3807,B,4288,66.0,m,True
1900,A,3243,34.0,f,False
2551,D,2500,73.0,m,True
2288,E,98,33.0,f,True
2074,B,4632,66.0,m,True
1184,B,2821,50.0,f,False
3399,D,3432,44.0,m,True
2232,C,3443,16.0,f,False
3813,B,3795,48.0,m,True
2373,C,3018,16.0,m,True
4162,C,885,34.0,m,True
1626,C,3250,27.0,f,True
3392,B,2933,40.0,m,False
2130,B,4408,21.0,m,True
3424,C,1446,16.0,m,True
3116,E,270,42.0,f,True
1349,C,4615,54.0,m,False
3787,C,4323,45.0,f,False
4863,A,598,34.0,f,True
4294,B,656,25.0,m,True
643,C,3179,16.0,f,False
331,B,4721,53.0,m,True
1466,E,1249,16.0,m,True
3577,B,458,28.0,m,False
2712,E,2949,37.0,f,True
4705,E,4179,27.0,m,False
3408,B,2726,20.0,m,True
4103,A,1165,29.0,m,True
568,E,3652,16.0,m,True
2155,B,3830,20.0,f,True
1303,A,1241,16.0,f,True
563,E,2689,33.0,f,True
3547,C,605,20.0,f,False
3365,A,4242,44.0,m,False
209,C,4076,49.0,m,True
479,E,2921,16.0,f,False
406,D,2546,45.0,f,False
346,E,4257,30.0,f,False
75,D,3907,91.0,m,False
4142,D,4013,33.0,f,True
4755,B,4032,25.0,m,False
4970,A,2545,76.0,m,False
1355,D,2290,16.0,f,True
3411,E,1981,70.0,f,False
2002,D,3759,66.0,f,False
4500,D,3387,16.0,m,True
3838,A,290,16.0,m,False
2893,A,1399,72.0,f,False
1786,D,1200,49.0,f,False
1227,E,4437,17.0,f,True
3033,A,466,16.0,m,False
2971,E,3110,38.0,m,True
1400,E,391,29.0,m,True
1686,C,2317,72.0,m,True
4997,C,1497,35.0,m,False
2574,C,3385,31.0,f,True
4902,A,3654,33.0,f,True
1816,D,3646,35.0,f,True
3491,E,2386,46.0,m,True
4347,A,1130,46.0,m,True
3493,C,1902,31.0,f,True
861,A,3246,29.0,m,False
4493,E,2450,83.0,m,True
2831,B,2737,23.0,m,True
4194,B,2574,16.0,m,True
966,C,478,72.0,m,False
2214,A,4528,42.0,f,False
2351,E,3182,61.0,m,True
4146,D,527,51.0,m,True
1333,E,449,50.0,m,True
4076,E,214,39.0,m,True
2183,D,3786,40.0,f,True
4691,B,4998,16.0,m,False
4365,E,2687,16.0,f,False
2208,C,1535,77.0,f,False
4321,C,4157,35.0,m,False
3756,C,2961,70.0,f,True
4469,A,3081,26.0,f,True
2588,B,4428,41.0,f,False
316,B,1221,26.0,f,False
4745,D,938,16.0,f,True
1540,E,145,20.0,m,True
3999,E,4339,35.0,f,False
4674,E,4701,36.0,f,True
4686,A,1205,52.0,m,True
3507,D,515,31.0,m,True
3387,A,1660,16.0,f,True
2137,C,3677,16.0,m,True
1568,B,2724,16.0,m,True
2599,B,2306,21.0,m,False
4341,D,1451,49.0,m,False
3995,B,3448,34.0,m,True
2134,A,4591,24.0,f,False
3368,A,514,53.0,f,True
4974,A,1943,35.0,m,True
2457,B,3457,54.0,m,False
2334,B,157,53.0,f,False
360,B,1914,16.0,m,True
4290,C,4597,16.0,m,True
2511,E,3184,29.0,f,False
4537,E,2177,28.0,f,True
2577,E,3321,16.0,f,False
4933,C,4056,37.0,m,True
4264,C,822,37.0,f,False
4499,C,819,48.0,m,False
1538,C,3738,27.0,m,True
3830,E,748,55.0,f,True
3747,D,3356,16.0,m,False
686,B,3765,57.0,m,True
3693,B,1864,55.0,f,False
3218,C,395,25.0,f,False
4799,B,2194,34.0,m,False
2805,C,4536,52.0,f,True
978,B,3274,16.0,f,True
1444,E,2018,16.0,m,True
1340,E,4908,30.0,m,True
2967,B,2058,16.0,m,True
2617,A,1710,22.0,m,False
2732,C,803,26.0,m,True
1305,A,1020,38.0,m,False
3510,D,4156,71.0,f,True
67,A,117,41.0,m,True
4287,B,3880,35.0,m,False
4650,D,1523,54.0,m,True
3259,E,407,32.0,m,True
2101,B,3337,20.0,m,False
3964,D,2860,45.0,f,True
4511,D,3177,40.0,m,True
